game_id,Winner,score_difference
2009091000,H,3
2009091304,A,-14
2009091307,H,18
2009091308,A,-13
2009091305,A,-17
2009091306,H,2
2009091303,A,-5
2009091302,A,-28
2009091301,H,14
2009091300,H,12
2009091309,A,-4
2009091311,H,28
2009091310,H,6
2009091312,H,6
2009091400,H,1
2009091401,A,-4
2009092000,H,8
2009092001,A,-14
2009092008,H,2
2009092007,A,-3
2009092006,A,-26
2009092005,H,7
2009092004,A,-3
2009092003,A,-14
2009092002,A,-7
2009092010,H,13
2009092009,H,13
2009092013,A,-5
2009092012,H,21
2009092011,H,3
2009092014,A,-2
2009092100,A,-4
2009092700,H,31
2009092711,H,7
2009092702,H,5
2009092703,A,-7
2009092704,H,3
2009092705,H,16
2009092708,A,-24
2009092706,H,20
2009092707,A,-19
2009092709,A,-20
2009092710,A,-6
2009092701,H,3
2009092713,H,10
2009092712,A,-20
2009092714,A,-21
2009092800,H,14
2009100400,H,24
2009100401,A,-3
2009100402,H,23
2009100403,H,17
2009100404,H,20
2009100405,A,-11
2009100406,H,6
2009100407,H,3
2009100408,H,28
2009100409,H,14
2009100410,H,7
2009100411,H,35
2009100412,H,10
2009100500,H,7
2009101107,A,-28
2009101106,H,19
2009101104,A,-6
2009101103,A,-8
2009101102,H,3
2009101101,A,-3
2009101105,H,37
2009101100,A,-3
2009101108,A,-35
2009101111,H,41
2009101110,H,3
2009101109,H,7
2009101112,A,-22
2009101200,H,4
2009101800,A,-11
2009101801,H,26
2009101802,H,3
2009101803,H,2
2009101804,H,21
2009101805,H,13
2009101806,A,-7
2009101807,A,-8
2009101808,H,4
2009101809,A,-24
2009101810,H,59
2009101811,A,-3
2009101812,H,7
2009101900,A,-11
2009102506,A,-28
2009102505,A,-36
2009102504,H,10
2009102503,A,-30
2009102502,H,3
2009102501,A,-28
2009102508,A,-38
2009102507,A,-11
2009102510,A,-12
2009102509,H,16
2009102500,H,35
2009102511,A,-7
2009102600,A,-10
2009110100,H,23
2009110101,A,-21
2009110102,H,24
2009110103,H,21
2009110104,A,-7
2009110106,H,4
2009110111,H,23
2009110107,A,-5
2009110108,H,8
2009110109,H,17
2009110110,A,-13
2009110105,A,-12
2009110200,H,8
2009110800,H,14
2009110801,A,-20
2009110802,H,10
2009110803,H,3
2009110804,H,3
2009110805,H,10
2009110806,H,10
2009110807,H,10
2009110808,H,12
2009110809,A,-1
2009110810,A,-7
2009110811,A,-4
2009110900,A,-18
2009111200,H,4
2009111500,H,9
2009111507,H,10
2009111506,H,24
2009111505,A,-5
2009111504,A,-6
2009111503,A,-2
2009111501,H,2
2009111502,H,17
2009111508,A,-6
2009111510,H,10
2009111509,H,11
2009111511,H,8
2009111512,H,1
2009111600,A,-16
2009111900,A,-7
2009112200,A,-2
2009112208,A,-31
2009112207,H,3
2009112206,H,26
2009112205,H,3
2009112204,H,3
2009112201,H,1
2009112202,H,1
2009112203,H,6
2009112209,A,-8
2009112210,A,-29
2009112212,H,3
2009112211,H,17
2009112213,A,-4
2009112300,A,-3
2009112600,A,-22
2009112601,H,17
2009112602,H,20
2009112901,H,17
2009112900,H,3
2009112902,H,9
2009112907,A,-10
2009112903,A,-8
2009112905,H,11
2009112906,H,3
2009112910,H,17
2009112909,H,29
2009112908,H,3
2009112904,H,26
2009112911,H,3
2009113000,H,21
2009120300,A,-6
2009120600,A,-27
2009120613,H,1
2009120608,A,-3
2009120607,A,-3
2009120606,A,-31
2009120601,H,10
2009120602,H,8
2009120603,H,10
2009120604,H,10
2009120605,H,5
2009120609,A,-7
2009120612,H,3
2009120611,H,7
2009120610,H,13
2009120700,H,13
2009121000,H,7
2009121303,H,27
2009121306,A,-6
2009121307,H,20
2009121308,H,10
2009121309,A,-23
2009121304,H,12
2009121305,A,-4
2009121302,A,-7
2009121301,H,45
2009121300,A,-3
2009121310,H,40
2009121311,A,-21
2009121312,A,-3
2009121313,A,-7
2009121400,H,15
2009121700,A,-4
2009121900,A,-7
2009122007,A,-3
2009122003,A,-7
2009122004,A,-3
2009122001,A,-7
2009122008,H,3
2009122002,A,-7
2009122009,A,-1
2009122010,H,3
2009122006,H,1
2009122000,H,24
2009122005,H,14
2009122011,A,-17
2009122012,H,19
2009122100,A,-33
2009122500,A,-25
2009122700,H,28
2009122709,H,3
2009122707,A,-3
2009122706,H,28
2009122705,A,-32
2009122704,A,-7
2009122701,H,7
2009122702,H,14
2009122703,H,38
2009122710,H,21
2009122711,H,14
2009122708,H,3
2009122712,A,-14
2009122713,A,-17
2009122800,H,6
2010010300,H,23
2010010301,H,13
2010010310,A,-10
2010010309,A,-22
2010010307,H,37
2010010306,A,-6
2010010305,H,7
2010010304,A,-14
2010010302,H,6
2010010312,A,-20
2010010311,A,-26
2010010314,H,3
2010010313,A,-8
2010010303,H,24
2010010315,A,-4
2010010308,H,37
2010090900,H,5
2010091200,H,3
2010091209,H,6
2010091207,H,5
2010091206,H,13
2010091205,H,25
2010091204,H,7
2010091201,A,-5
2010091202,H,14
2010091203,H,10
2010091210,A,-7
2010091208,A,-4
2010091211,H,25
2010091212,H,6
2010091300,A,-1
2010091301,H,7
2010091901,H,27
2010091912,H,5
2010091908,A,-13
2010091907,H,34
2010091906,A,-3
2010091905,A,-7
2010091904,A,-8
2010091902,A,-4
2010091903,A,-2
2010091910,H,2
2010091909,H,17
2010091911,H,14
2010091913,H,25
2010091900,A,-3
2010091914,H,24
2010092000,A,-3
2010092600,A,-19
2010092601,A,-13
2010092602,A,-25
2010092603,H,8
2010092608,A,-14
2010092605,H,14
2010092606,A,-3
2010092609,H,21
2010092604,H,7
2010092607,H,14
2010092610,A,-25
2010092611,A,-14
2010092612,H,1
2010092613,H,7
2010092614,A,-8
2010092700,H,3
2010100300,A,-24
2010100301,H,3
2010100302,A,-3
2010100303,A,-6
2010100304,H,2
2010100305,H,2
2010100306,H,2
2010100307,H,17
2010100308,H,3
2010100309,A,-7
2010100310,A,-5
2010100311,H,31
2010100312,H,14
2010100400,A,-27
2010101000,A,-10
2010101001,H,14
2010101002,H,10
2010101003,H,3
2010101004,H,38
2010101005,A,-17
2010101006,A,-3
2010101008,A,-24
2010101007,A,-10
2010101009,H,10
2010101010,A,-7
2010101011,H,8
2010101012,A,-3
2010101100,H,9
2010101700,A,-3
2010101701,H,3
2010101702,H,3
2010101703,H,18
2010101704,H,4
2010101705,H,8
2010101706,H,14
2010101708,A,-25
2010101707,A,-3
2010101709,A,-4
2010101710,H,8
2010101711,H,3
2010101712,A,-3
2010101800,A,-27
2010102400,H,7
2010102401,A,-1
2010102402,H,3
2010102403,H,22
2010102404,A,-13
2010102405,A,-3
2010102406,H,3
2010102408,H,18
2010102407,H,1
2010102409,H,12
2010102410,A,-3
2010102411,A,-45
2010102412,H,4
2010102500,A,-6
2010103100,H,8
2010103101,A,-18
2010103102,A,-8
2010103103,H,3
2010103104,H,12
2010103105,H,10
2010103106,A,-9
2010103107,H,8
2010103108,H,10
2010103109,A,-3
2010103110,H,30
2010103111,H,10
2010110100,H,13
2010110700,A,-3
2010110701,H,16
2010110702,H,20
2010110703,A,-6
2010110704,A,-3
2010110705,H,3
2010110706,H,6
2010110707,A,-31
2010110708,A,-34
2010110709,H,2
2010110710,H,3
2010110711,H,38
2010110800,A,-6
2010111100,H,5
2010111406,H,2
2010111405,H,15
2010111403,H,7
2010111402,H,6
2010111401,A,-6
2010111400,H,12
2010111404,H,14
2010111407,H,20
2010111410,H,3
2010111409,A,-18
2010111408,A,-13
2010111411,A,-13
2010111500,A,-31
2010111800,A,-16
2010112100,A,-24
2010112109,H,18
2010112108,A,-3
2010112106,A,-28
2010112105,H,16
2010112104,H,4
2010112101,H,3
2010112102,A,-18
2010112103,H,32
2010112110,A,-17
2010112107,H,15
2010112111,A,-21
2010112112,H,3
2010112113,H,10
2010112200,H,21
2010112500,A,-21
2010112501,A,-3
2010112502,H,16
2010112803,A,-4
2010112807,H,1
2010112801,A,-3
2010112800,H,4
2010112802,H,20
2010112805,H,3
2010112808,A,-18
2010112809,A,-16
2010112806,H,7
2010112804,H,5
2010112810,A,-3
2010112811,A,-22
2010112900,A,-21
2010120200,H,10
2010120500,H,24
2010120508,A,-4
2010120506,H,18
2010120505,A,-4
2010120504,H,24
2010120503,H,4
2010120502,A,-11
2010120501,A,-3
2010120509,A,-15
2010120512,H,17
2010120511,A,-13
2010120510,A,-3
2010120507,A,-4
2010120513,A,-3
2010120600,H,42
2010120900,A,-2
2010121203,H,7
2010121207,A,-21
2010121201,H,7
2010121202,H,16
2010121204,A,-1
2010121205,H,4
2010121208,H,18
2010121209,H,19
2010121200,A,-29
2010121212,H,31
2010121211,H,30
2010121210,A,-4
2010121213,A,-3
2010121301,A,-18
2010121300,A,-6
2010121600,H,27
2010121900,A,-14
2010121909,H,6
2010121908,A,-3
2010121907,H,7
2010121906,A,-7
2010121901,A,-3
2010121902,H,2
2010121903,H,10
2010121904,H,14
2010121905,H,3
2010121910,A,-16
2010121912,H,16
2010121911,A,-5
2010121913,H,4
2010122000,A,-26
2010122300,H,24
2010122500,H,1
2010122602,A,-10
2010122603,H,20
2010122601,A,-31
2010122600,H,4
2010122606,H,8
2010122608,A,-3
2010122607,A,-7
2010122609,H,1
2010122610,A,-5
2010122612,H,14
2010122611,H,28
2010122605,H,23
2010122700,A,-3
2010122800,A,-10
2011010211,H,21
2011010203,A,-32
2011010209,H,7
2011010202,H,6
2011010200,H,31
2011010201,H,31
2011010206,A,-21
2011010212,A,-10
2011010210,H,7
2011010208,A,-3
2011010205,H,3
2011010204,H,17
2011010207,A,-1
2011010213,A,-5
2011010214,H,31
2011010215,H,10
2011090800,H,8
2011091100,H,28
2011091107,A,-18
2011091106,A,-7
2011091105,H,18
2011091104,A,-34
2011091103,H,2
2011091102,H,27
2011091101,A,-10
2011091111,H,7
2011091110,H,16
2011091109,H,7
2011091108,H,14
2011091112,H,3
2011091200,A,-14
2011091201,A,-3
2011091800,H,45
2011091801,H,3
2011091809,H,24
2011091808,H,17
2011091807,A,-7
2011091806,A,-4
2011091805,H,1
2011091802,H,13
2011091803,H,29
2011091804,A,-8
2011091810,A,-3
2011091811,H,14
2011091813,A,-10
2011091812,H,2
2011091814,H,4
2011091900,H,12
2011092500,H,6
2011092501,H,7
2011092507,A,-5
2011092506,A,-3
2011092505,A,-13
2011092504,H,3
2011092503,H,1
2011092502,H,3
2011092508,H,10
2011092510,A,-30
2011092509,H,3
2011092513,H,3
2011092512,H,3
2011092511,A,-10
2011092514,A,-3
2011092600,H,2
2011100200,H,3
2011100201,A,-18
2011100208,H,5
2011100207,A,-13
2011100206,A,-7
2011100205,H,5
2011100204,A,-1
2011100203,A,-4
2011100202,H,7
2011100210,A,-2
2011100209,A,-4
2011100213,H,10
2011100212,A,-12
2011100211,H,26
2011100214,H,17
2011100300,H,7
2011100900,H,21
2011100901,A,-5
2011100902,A,-4
2011100903,A,-10
2011100904,A,-11
2011100905,H,24
2011100906,A,-3
2011100907,H,7
2011100908,H,45
2011100909,H,9
2011100910,A,-5
2011100911,A,-11
2011101000,H,11
2011101600,H,3
2011101601,H,10
2011101602,H,4
2011101603,A,-7
2011101604,A,-6
2011101605,H,21
2011101606,H,14
2011101607,H,7
2011101608,H,15
2011101609,H,6
2011101610,H,4
2011101611,H,29
2011101700,H,18
2011102300,A,-3
2011102301,H,6
2011102302,A,-34
2011102303,A,-7
2011102304,H,13
2011102305,A,-6
2011102306,H,3
2011102307,A,-12
2011102308,A,-28
2011102309,A,-6
2011102310,H,27
2011102311,H,55
2011102400,H,5
2011103000,H,3
2011103001,H,10
2011103002,H,17
2011103003,A,-3
2011103004,H,10
2011103005,H,3
2011103006,A,-35
2011103007,H,23
2011103008,H,8
2011103009,H,10
2011103010,A,-22
2011103011,H,27
2011103100,H,3
2011110600,A,-16
2011110601,H,18
2011110602,A,-28
2011110603,H,10
2011110604,A,-8
2011110605,H,11
2011110606,A,-24
2011110607,A,-14
2011110608,A,-7
2011110609,A,-4
2011110610,A,-7
2011110611,H,6
2011110612,A,-3
2011110700,A,-6
2011111000,A,-7
2011111300,H,37
2011111310,A,-1
2011111309,H,11
2011111308,A,-3
2011111306,A,-4
2011111301,A,-27
2011111302,A,-28
2011111303,A,-7
2011111304,A,-14
2011111305,A,-7
2011111311,H,5
2011111307,H,24
2011111312,H,7
2011111313,A,-21
2011111400,H,38
2011111700,H,4
2011112000,A,-6
2011112005,A,-3
2011112007,H,9
2011112006,H,14
2011112004,H,7
2011112003,H,4
2011112002,H,27
2011112009,A,-17
2011112008,H,16
2011112010,H,11
2011112001,H,6
2011112011,A,-7
2011112100,H,31
2011112400,A,-12
2011112401,H,1
2011112402,H,10
2011112703,H,10
2011112702,A,-7
2011112701,H,3
2011112700,H,4
2011112704,A,-3
2011112706,H,6
2011112705,A,-8
2011112707,A,-6
2011112708,H,5
2011112709,A,-18
2011112710,A,-3
2011112711,A,-4
2011112800,H,25
2011120100,H,17
2011120400,A,-15
2011120413,H,7
2011120409,A,-3
2011120408,H,7
2011120407,A,-19
2011120405,H,28
2011120401,A,-7
2011120402,A,-6
2011120403,H,20
2011120404,A,-14
2011120412,H,26
2011120411,H,6
2011120410,A,-3
2011120406,H,14
2011120500,A,-24
2011120800,H,11
2011121100,A,-7
2011121109,A,-5
2011121108,H,27
2011121107,A,-16
2011121106,A,-8
2011121105,H,6
2011121102,H,27
2011121103,A,-1
2011121104,H,14
2011121111,H,3
2011121110,H,2
2011121112,H,27
2011121101,H,30
2011121113,A,-3
2011121200,H,17
2011121500,H,27
2011121700,A,-16
2011121802,H,14
2011121803,A,-13
2011121804,A,-24
2011121801,A,-7
2011121800,A,-7
2011121805,A,-22
2011121807,H,5
2011121806,A,-15
2011121808,A,-1
2011121809,H,26
2011121810,H,3
2011121811,A,-18
2011121812,H,20
2011121900,H,17
2011122200,H,3
2011122400,H,26
2011122409,H,27
2011122408,H,7
2011122407,H,32
2011122406,A,-7
2011122401,H,3
2011122402,H,6
2011122403,H,6
2011122404,A,-3
2011122405,A,-15
2011122410,H,28
2011122412,A,-2
2011122411,A,-13
2011122500,H,14
2011122600,H,29
2012010100,H,2
2012010101,H,28
2012010112,A,-7
2012010111,H,28
2012010109,A,-4
2012010108,H,4
2012010107,H,24
2012010105,H,6
2012010104,A,-1
2012010110,H,21
2012010114,A,-12
2012010113,A,-4
2012010103,A,-4
2012010102,A,-8
2012010115,H,3
2012010106,H,17
2012090500,A,-7
2012090900,H,20
2012090908,A,-16
2012090907,A,-1
2012090906,A,-8
2012090905,H,4
2012090904,A,-21
2012090901,H,3
2012090902,H,20
2012090903,H,20
2012090910,H,4
2012090909,A,-8
2012090911,H,6
2012090912,H,12
2012091000,H,31
2012091001,A,-8
2012091300,H,13
2012091600,H,7
2012091612,H,22
2012091607,A,-20
2012091606,H,7
2012091605,H,18
2012091604,H,1
2012091601,H,8
2012091602,A,-2
2012091603,H,3
2012091609,H,3
2012091608,H,20
2012091610,H,17
2012091611,H,28
2012091613,H,8
2012091700,H,6
2012092000,A,-29
2012092300,H,6
2012092308,A,-5
2012092307,A,-10
2012092306,A,-3
2012092305,A,-3
2012092304,A,-7
2012092301,H,17
2012092302,H,11
2012092303,H,3
2012092310,A,-24
2012092309,H,21
2012092312,H,3
2012092311,A,-6
2012092313,H,1
2012092400,H,2
2012092700,H,7
2012093000,A,-24
2012093006,A,-34
2012093005,H,6
2012093004,H,2
2012093003,A,-7
2012093002,A,-17
2012093001,H,24
2012093009,A,-17
2012093008,H,31
2012093007,H,3
2012093011,A,-2
2012093010,H,1
2012093012,H,2
2012100100,A,-16
2012100400,H,14
2012100701,H,2
2012100702,H,3
2012100703,H,14
2012100700,A,-7
2012100705,A,-4
2012100706,A,-3
2012100707,A,-4
2012100708,A,-38
2012100709,H,10
2012100710,H,42
2012100704,H,23
2012100711,H,7
2012100800,A,-6
2012101100,H,3
2012101401,H,28
2012101402,H,26
2012101403,H,10
2012101404,A,-3
2012101400,H,3
2012101405,H,3
2012101406,H,2
2012101407,A,-3
2012101408,H,1
2012101409,A,-23
2012101410,H,12
2012101411,A,-18
2012101500,A,-11
2012101800,H,7
2012102101,H,7
2012102102,A,-5
2012102103,A,-7
2012102104,A,-10
2012102100,H,4
2012102105,H,30
2012102107,A,-1
2012102106,H,4
2012102108,H,3
2012102109,H,3
2012102110,A,-7
2012102200,H,6
2012102500,A,-19
2012102801,A,-21
2012102802,H,1
2012102803,A,-6
2012102804,A,-38
2012102800,H,9
2012102805,A,-13
2012102808,H,15
2012102807,H,4
2012102806,H,1
2012102809,A,-10
2012102810,A,-5
2012102811,H,20
2012102900,A,-21
2012110100,H,18
2012110401,H,14
2012110402,A,-17
2012110403,A,-31
2012110404,A,-8
2012110400,A,-8
2012110405,A,-10
2012110407,H,3
2012110406,H,12
2012110408,H,10
2012110409,A,-10
2012110410,A,-4
2012110411,H,6
2012110500,H,15
2012110800,A,-17
2012111101,H,10
2012111102,A,-34
2012111103,H,6
2012111104,H,35
2012111100,A,-22
2012111105,H,18
2012111107,H,10
2012111106,H,4
2012111108,H,21
2012111109,A,-15
2012111110,A,0
2012111111,A,-7
2012111200,H,3
2012111500,H,5
2012111801,A,-4
2012111802,H,4
2012111803,A,-6
2012111804,H,3
2012111800,H,25
2012111805,A,-14
2012111808,A,-22
2012111807,H,6
2012111809,A,-21
2012111810,H,7
2012111806,H,35
2012111811,A,-3
2012111900,H,25
2012112200,A,-3
2012112201,A,-7
2012112202,A,-30
2012112503,H,5
2012112502,H,7
2012112501,H,6
2012112500,H,24
2012112504,A,-8
2012112507,H,3
2012112506,A,-1
2012112505,H,18
2012112508,A,-3
2012112510,A,-14
2012112509,A,-10
2012112511,H,28
2012112600,A,-8
2012112900,H,10
2012120200,A,-6
2012120208,A,-14
2012120207,A,-7
2012120206,H,16
2012120205,A,-2
2012120204,H,6
2012120201,H,9
2012120202,H,3
2012120203,H,1
2012120209,H,8
2012120210,A,-3
2012120212,A,-7
2012120211,A,-3
2012120213,H,5
2012120300,H,1
2012120600,A,-13
2012120900,H,3
2012120909,A,-1
2012120908,A,-3
2012120907,A,-2
2012120906,H,10
2012120901,H,23
2012120902,A,-10
2012120903,H,4
2012120904,A,-7
2012120905,H,7
2012120910,H,14
2012120912,H,58
2012120911,H,25
2012120913,H,7
2012121000,H,28
2012121300,A,-21
2012121600,A,-8
2012121607,H,12
2012121606,A,-17
2012121605,H,21
2012121604,A,-17
2012121603,A,-14
2012121602,H,41
2012121601,H,34
2012121610,A,-33
2012121609,A,-24
2012121608,H,28
2012121612,H,15
2012121611,H,3
2012121613,A,-7
2012121700,H,4
2012122200,A,-13
2012122301,H,11
2012122302,H,14
2012122303,A,-3
2012122304,A,-7
2012122305,A,-7
2012122306,A,-3
2012122307,A,-7
2012122308,A,-15
2012122314,A,-10
2012122300,H,48
2012122310,A,-17
2012122311,H,22
2012122312,A,-15
2012122309,H,19
2012122313,H,29
2012123010,A,-5
2012123000,H,19
2012123002,H,6
2012123003,H,14
2012123008,A,-2
2012123005,H,18
2012123006,H,35
2012123011,A,-6
2012123004,H,12
2012123009,H,3
2012123015,H,7
2012123001,H,28
2012123012,H,35
2012123013,H,3
2012123014,H,14
2012123007,H,10
2013090500,H,22
2013090800,A,-2
2013090809,A,-7
2013090808,H,6
2013090807,H,1
2013090806,A,-26
2013090801,A,-5
2013090802,H,3
2013090803,A,-13
2013090804,H,10
2013090805,H,4
2013090811,H,6
2013090810,H,3
2013090812,H,5
2013090900,A,-6
2013090901,A,-3
2013091200,H,3
2013091500,H,7
2013091508,A,-3
2013091507,H,1
2013091506,A,-4
2013091505,H,6
2013091504,H,18
2013091501,H,8
2013091502,H,1
2013091503,H,1
2013091510,A,-2
2013091509,H,4
2013091512,H,10
2013091511,A,-18
2013091513,H,26
2013091600,H,10
2013091900,A,-10
2013092200,H,21
2013092210,H,38
2013092209,A,-7
2013092208,H,3
2013092207,H,24
2013092206,H,20
2013092201,H,4
2013092202,H,24
2013092204,A,-4
2013092203,H,4
2013092205,H,7
2013092211,A,-20
2013092212,H,28
2013092213,A,-17
2013092300,H,16
2013092600,A,-24
2013092900,H,3
2013092907,A,-3
2013092906,H,7
2013092905,H,24
2013092904,A,-34
2013092903,A,-3
2013092901,H,11
2013092902,H,8
2013092908,H,25
2013092910,A,-10
2013092909,H,32
2013092911,H,9
2013092912,A,-7
2013093000,H,21
2013100300,H,13
2013100601,H,7
2013100602,H,13
2013100603,H,6
2013100604,A,-3
2013100600,A,-8
2013100605,A,-15
2013100607,A,-9
2013100606,H,14
2013100608,H,16
2013100609,A,-3
2013100611,H,31
2013100610,H,10
2013100700,A,-2
2013101000,H,6
2013101300,A,-2
2013101301,A,-3
2013101302,A,-14
2013101303,A,-25
2013101305,A,-25
2013101304,H,17
2013101306,A,-13
2013101307,A,-11
2013101308,H,16
2013101309,H,7
2013101310,H,3
2013101311,H,12
2013101312,H,15
2013101400,H,10
2013101700,A,-12
2013102000,H,8
2013102009,H,4
2013102008,A,-14
2013102007,H,3
2013102006,A,-2
2013102004,A,-18
2013102001,H,15
2013102002,A,-3
2013102010,A,-14
2013102005,H,1
2013102011,H,3
2013102003,H,18
2013102012,H,6
2013102100,H,16
2013102400,A,-18
2013102701,A,-32
2013102702,H,6
2013102703,H,10
2013102704,H,18
2013102700,H,1
2013102705,A,-8
2013102706,H,3
2013102707,H,40
2013102708,H,14
2013102709,H,24
2013102710,A,-13
2013102800,A,-5
2013103100,H,2
2013110301,H,24
2013110302,H,4
2013110303,H,6
2013110304,A,-7
2013110300,A,-10
2013110305,H,6
2013110306,A,-29
2013110307,H,3
2013110308,H,6
2013110309,H,24
2013110310,A,-3
2013110400,A,-7
2013110700,H,7
2013111003,A,-14
2013111007,A,-2
2013111006,H,13
2013111005,H,4
2013111004,A,-30
2013111000,A,-23
2013111001,H,3
2013111002,A,-2
2013111008,A,-1
2013111009,H,3
2013111010,A,-8
2013111011,H,32
2013111100,H,3
2013111400,A,-3
2013111700,H,23
2013111708,H,13
2013111707,H,10
2013111706,H,8
2013111704,A,-13
2013111703,A,-5
2013111701,H,3
2013111702,H,21
2013111705,H,4
2013111712,H,14
2013111711,H,21
2013111710,H,3
2013111709,H,10
2013111800,H,4
2013112100,A,-4
2013112402,A,-3
2013112403,A,0
2013112404,A,-7
2013112405,A,-3
2013112406,A,-4
2013112401,A,-16
2013112407,H,21
2013112400,H,16
2013112409,A,-4
2013112408,H,29
2013112410,A,-3
2013112411,H,3
2013112500,A,-21
2013112800,H,30
2013112801,H,7
2013112802,H,2
2013120102,H,8
2013120101,A,-4
2013120100,H,21
2013120104,H,3
2013120109,A,-3
2013120106,H,3
2013120105,A,-20
2013120107,A,-3
2013120108,H,10
2013120110,A,-7
2013120103,A,-7
2013120111,A,-7
2013120200,H,27
2013120500,H,7
2013120801,H,14
2013120802,H,1
2013120803,H,10
2013120808,A,-35
2013120800,H,3
2013120813,H,1
2013120807,H,21
2013120806,A,-6
2013120805,H,14
2013120809,H,23
2013120810,H,20
2013120812,H,2
2013120811,H,23
2013120804,H,18
2013120900,H,17
2013121200,A,-7
2013121500,H,1
2013121508,A,-19
2013121506,A,-23
2013121505,H,18
2013121504,H,4
2013121503,A,-7
2013121502,H,22
2013121501,A,-7
2013121511,A,-25
2013121510,H,10
2013121512,A,-1
2013121509,A,-3
2013121507,H,11
2013121513,H,10
2013121600,A,-2
2013122200,H,19
2013122201,H,4
2013122202,H,28
2013122203,A,-24
2013122204,A,-4
2013122205,A,-16
2013122209,A,-1
2013122206,H,11
2013122208,H,10
2013122211,A,-7
2013122210,A,-3
2013122214,A,-34
2013122213,H,13
2013122212,A,-7
2013122207,H,43
2013122300,H,10
2013122910,H,13
2013122909,H,14
2013122902,H,17
2013122911,H,6
2013122904,H,20
2013122905,A,-13
2013122906,H,1
2013122900,A,-1
2013122908,H,25
2013122907,H,14
2013122915,H,18
2013122901,A,-5
2013122912,A,-3
2013122913,A,-20
2013122914,H,3
2013122903,A,-2
2014090400,H,20
2014090700,H,3
2014090709,A,-28
2014090708,H,3
2014090707,H,17
2014090706,H,5
2014090701,A,-7
2014090702,A,-3
2014090703,H,11
2014090704,A,-16
2014090705,H,13
2014090711,A,-6
2014090710,A,-11
2014090712,H,7
2014090800,H,21
2014090801,H,1
2014091100,H,20
2014091400,H,19
2014091407,H,31
2014091406,A,-16
2014091405,A,-11
2014091404,A,-23
2014091403,H,2
2014091402,H,14
2014091401,H,17
2014091409,A,-2
2014091408,H,9
2014091412,A,-16
2014091411,H,7
2014091410,H,7
2014091413,A,-8
2014091500,A,-3
2014091800,H,42
2014092100,A,-12
2014092109,A,-3
2014092108,H,3
2014092107,H,13
2014092106,H,11
2014092101,H,26
2014092102,A,-2
2014092103,H,12
2014092104,A,-27
2014092105,H,7
2014092110,H,9
2014092112,H,6
2014092111,A,-19
2014092113,A,-18
2014092200,A,-8
2014092500,A,-31
2014092801,A,-21
2014092802,H,6
2014092803,H,24
2014092800,H,28
2014092805,A,-7
2014092807,A,-3
2014092806,A,-24
2014092808,H,19
2014092809,H,5
2014092804,H,13
2014092810,H,21
2014092900,H,27
2014100200,H,32
2014100500,H,7
2014100508,A,-1
2014100507,H,6
2014100506,H,10
2014100505,H,6
2014100501,H,3
2014100502,A,-3
2014100503,H,7
2014100504,A,-8
2014100509,H,21
2014100511,H,5
2014100510,H,31
2014100512,H,26
2014100600,A,-10
2014100900,A,-5
2014101203,H,21
2014101201,A,-15
2014101202,A,0
2014101208,H,2
2014101204,A,-3
2014101205,A,-14
2014101206,A,-14
2014101207,A,-31
2014101209,A,-3
2014101200,A,-14
2014101211,A,-7
2014101210,H,10
2014101212,H,27
2014101300,A,-14
2014101600,H,2
2014101900,H,22
2014101908,H,2
2014101907,H,2
2014101906,H,18
2014101905,H,27
2014101901,H,1
2014101902,A,-13
2014101903,H,1
2014101904,H,21
2014101909,A,-3
2014101911,A,-11
2014101910,H,10
2014101912,H,25
2014102000,H,7
2014102300,H,14
2014102600,A,-1
2014102607,A,-6
2014102606,A,-20
2014102605,H,28
2014102601,A,-4
2014102603,A,-14
2014102602,H,3
2014102608,A,-14
2014102604,H,27
2014102609,H,4
2014102611,H,17
2014102610,H,10
2014102612,H,21
2014102700,A,-3
2014103000,A,-18
2014110201,H,5
2014110202,A,-11
2014110203,A,-10
2014110204,H,14
2014110200,H,10
2014110205,H,37
2014110206,H,3
2014110207,A,-3
2014110208,H,22
2014110209,H,6
2014110210,H,20
2014110300,A,-16
2014110600,A,-21
2014110901,A,-4
2014110902,H,4
2014110903,A,-14
2014110904,A,-3
2014110900,H,14
2014110905,H,7
2014110906,A,-10
2014110907,A,-24
2014110908,H,17
2014110909,H,21
2014110910,H,41
2014111000,H,24
2014111300,H,13
2014111601,H,8
2014111602,A,-16
2014111600,A,-2
2014111605,A,-17
2014111608,A,-20
2014111607,H,15
2014111606,A,-6
2014111604,H,4
2014111609,H,7
2014111610,H,8
2014111603,H,33
2014111611,A,-22
2014111700,A,-3
2014112000,H,4
2014112300,A,-2
2014112307,H,19
2014112306,H,25
2014112305,A,-3
2014112304,H,20
2014112303,A,-9
2014112302,H,8
2014112309,H,16
2014112308,H,3
2014112311,H,4
2014112310,H,3
2014112312,A,-3
2014112301,H,35
2014112400,A,-7
2014112700,H,17
2014112701,A,-23
2014112702,A,-16
2014113003,H,22
2014113002,H,24
2014113001,H,16
2014113000,A,-1
2014113004,H,1
2014113008,A,-1
2014113007,H,52
2014113006,A,-3
2014113005,H,18
2014113009,H,11
2014113010,H,5
2014113011,A,-13
2014120100,A,-3
2014120400,A,-13
2014120700,A,-21
2014120708,A,-24
2014120707,A,-29
2014120706,A,-31
2014120705,H,6
2014120704,A,-15
2014120701,A,-1
2014120702,H,17
2014120703,A,-14
2014120710,H,7
2014120709,H,3
2014120712,A,-10
2014120711,H,11
2014120713,A,-9
2014120800,H,6
2014121100,A,-6
2014121400,A,-7
2014121409,H,11
2014121408,H,28
2014121407,H,18
2014121406,H,7
2014121404,A,-30
2014121401,H,8
2014121402,H,8
2014121403,H,2
2014121411,A,-5
2014121410,A,-12
2014121405,H,2
2014121412,H,10
2014121413,A,-11
2014121500,A,-16
2014121800,H,8
2014122000,H,3
2014122001,A,-3
2014122103,H,2
2014122102,H,12
2014122101,A,-6
2014122100,H,4
2014122104,A,-16
2014122107,A,-17
2014122106,H,8
2014122105,A,-1
2014122108,A,-10
2014122110,H,2
2014122109,H,35
2014122111,A,-29
2014122200,H,9
2014122801,H,10
2014122812,A,-27
2014122811,A,-17
2014122810,A,-3
2014122808,A,-8
2014122807,A,-8
2014122803,H,6
2014122804,H,12
2014122805,A,-13
2014122806,H,4
2014122813,H,33
2014122814,H,3
2014122802,H,10
2014122815,H,14
2014122800,A,-31
2014122809,H,10
2015091000,H,7
2015091300,A,-8
2015091306,A,-7
2015091305,H,21
2015091304,H,13
2015091303,A,-7
2015091302,A,-11
2015091301,H,3
2015091307,H,12
2015091308,H,5
2015091311,A,-28
2015091310,A,-20
2015091309,H,6
2015091312,H,1
2015091400,H,2
2015091401,H,17
2015091700,A,-7
2015092000,H,7
2015092009,H,25
2015092008,A,-7
2015092007,H,10
2015092006,A,-25
2015092001,A,-8
2015092002,H,5
2015092003,H,14
2015092004,A,-4
2015092005,H,14
2015092011,H,3
2015092010,H,4
2015092012,A,-10
2015092013,H,10
2015092100,A,-13
2015092400,H,11
2015092700,A,-11
2015092709,A,-2
2015092708,A,-7
2015092707,A,-4
2015092706,H,34
2015092701,H,5
2015092702,A,-7
2015092703,H,10
2015092704,H,17
2015092705,A,-6
2015092710,H,40
2015092712,A,-27
2015092711,H,26
2015092713,A,-12
2015092800,H,10
2015100100,A,-3
2015100400,A,-13
2015100404,H,3
2015100407,A,-14
2015100406,A,-14
2015100405,H,3
2015100401,H,2
2015100402,H,27
2015100403,H,15
2015100408,H,3
2015100409,A,-14
2015100410,A,-2
2015100411,H,3
2015100412,H,6
2015100500,H,3
2015100800,A,-7
2015101101,A,-1
2015101102,H,3
2015101103,H,6
2015101104,H,7
2015101100,H,22
2015101105,A,-3
2015101107,H,14
2015101106,A,-1
2015101108,A,-25
2015101109,A,-24
2015101110,A,-6
2015101111,H,3
2015101200,A,-4
2015101500,H,10
2015101801,H,14
2015101802,H,12
2015101803,H,6
2015101804,A,-13
2015101800,H,3
2015101805,A,-3
2015101807,A,-11
2015101806,A,-28
2015101808,A,-4
2015101809,H,7
2015101810,H,5
2015101811,A,-7
2015101900,H,20
2015102200,A,-17
2015102500,H,3
2015102505,H,1
2015102508,A,-3
2015102507,A,-6
2015102506,A,-9
2015102504,H,10
2015102501,H,18
2015102502,H,18
2015102503,H,7
2015102509,A,-8
2015102510,H,7
2015102511,H,11
2015102600,H,8
2015102900,H,29
2015110100,H,35
2015110105,A,-3
2015110108,A,-14
2015110107,H,21
2015110106,H,3
2015110104,A,-3
2015110101,H,3
2015110102,A,-6
2015110103,H,14
2015110109,H,14
2015110110,A,-1
2015110111,H,19
2015110200,H,3
2015110500,H,21
2015110801,H,8
2015110802,H,17
2015110803,A,-6
2015110804,H,16
2015110800,H,3
2015110805,H,5
2015110806,H,3
2015110807,A,-14
2015110808,H,1
2015110809,H,3
2015110810,A,-6
2015110900,A,-3
2015111200,A,-5
2015111501,A,-2
2015111502,H,4
2015111503,A,-17
2015111504,A,-24
2015111500,H,33
2015111505,A,-1
2015111507,H,21
2015111506,A,-2
2015111508,A,-16
2015111509,A,-1
2015111510,A,-16
2015111511,A,-7
2015111600,A,-4
2015111900,H,6
2015112201,H,5
2015112202,A,-3
2015112208,H,3
2015112204,A,-28
2015112200,A,-2
2015112203,H,7
2015112206,H,28
2015112207,A,-10
2015112211,A,-30
2015112205,A,-17
2015112210,H,16
2015112209,H,3
2015112300,H,7
2015112600,H,31
2015112601,A,-19
2015112602,A,-4
2015112903,H,18
2015112902,H,24
2015112901,A,-10
2015112900,H,6
2015112904,H,13
2015112908,H,8
2015112907,A,-3
2015112906,A,-6
2015112905,H,18
2015112909,A,-6
2015112910,H,9
2015112911,H,6
2015113000,A,-6
2015120300,A,-4
2015120600,A,-3
2015120609,A,-24
2015120608,H,4
2015120606,A,-31
2015120605,A,-6
2015120604,H,3
2015120601,H,9
2015120602,H,2
2015120603,A,-34
2015120610,A,-14
2015120611,A,-14
2015120612,A,-7
2015120607,A,-3
2015120613,H,35
2015120700,A,-3
2015121000,H,3
2015121300,H,3
2015121313,A,-29
2015121310,H,14
2015121309,H,7
2015121301,H,22
2015121302,A,-13
2015121304,H,35
2015121305,H,7
2015121306,A,-3
2015121307,H,38
2015121308,A,-7
2015121311,A,-3
2015121312,H,21
2015121303,A,-21
2015121400,A,-7
2015121700,H,8
2015121900,A,-3
2015122000,A,-3
2015122005,H,17
2015122007,H,10
2015122006,A,-20
2015122004,A,-6
2015122003,A,-6
2015122002,H,21
2015122009,A,-10
2015122008,H,17
2015122012,A,-10
2015122011,H,16
2015122010,H,7
2015122001,A,-23
2015122100,A,-8
2015122400,H,3
2015122600,A,-14
2015122705,H,15
2015122712,H,3
2015122709,H,10
2015122708,A,-5
2015122707,H,7
2015122701,A,-6
2015122702,H,6
2015122703,A,-28
2015122704,H,4
2015122700,H,11
2015122710,H,30
2015122711,A,-6
2015122706,H,32
2015122800,H,3
2016010300,H,5
2016010301,H,10
2016010311,A,-3
2016010309,A,-4
2016010308,A,-5
2016010307,A,-11
2016010305,H,6
2016010302,H,8
2016010303,A,-16
2016010304,H,24
2016010306,H,6
2016010313,H,7
2016010312,H,28
2016010314,A,-30
2016010315,H,3
2016010310,A,-7
2016090800,H,1
2016091100,A,-7
2016091108,A,-9
2016091107,H,19
2016091106,A,-1
2016091105,A,-1
2016091104,H,6
2016091101,H,6
2016091102,H,9
2016091103,A,-4
2016091109,H,2
2016091110,A,-1
2016091111,A,-4
2016091112,A,-2
2016091200,A,-22
2016091201,H,28
2016091500,A,-6
2016091800,H,19
2016091807,A,-4
2016091806,H,8
2016091805,H,3
2016091804,H,7
2016091803,H,7
2016091802,A,-1
2016091801,A,-5
2016091809,H,6
2016091808,H,33
2016091812,H,24
2016091811,A,-7
2016091810,H,14
2016091813,H,3
2016091900,A,-15
2016092200,H,27
2016092500,H,15
2016092507,A,-7
2016092506,A,-2
2016092505,H,6
2016092504,A,-2
2016092503,H,7
2016092502,A,-12
2016092501,A,-12
2016092509,A,-5
2016092508,H,19
2016092512,H,21
2016092511,H,4
2016092510,H,31
2016092513,H,14
2016092600,A,-13
2016092900,H,15
2016100200,H,3
2016100204,H,7
2016100207,H,11
2016100206,A,-10
2016100205,A,-16
2016100201,H,15
2016100202,A,-1
2016100203,H,3
2016100208,A,-20
2016100209,A,-4
2016100210,A,-1
2016100211,A,-7
2016100212,H,29
2016100300,H,14
2016100600,A,-12
2016100901,A,-20
2016100902,H,1
2016100903,H,6
2016100904,A,-13
2016100900,A,-6
2016100905,H,18
2016100906,H,18
2016100907,A,-7
2016100908,H,14
2016100909,A,-11
2016100910,H,3
2016100911,H,7
2016101000,A,-3
2016101300,H,8
2016101600,H,29
2016101608,H,7
2016101607,H,2
2016101606,H,4
2016101605,H,3
2016101601,A,-1
2016101602,H,3
2016101603,H,15
2016101604,H,18
2016101609,A,-16
2016101611,H,2
2016101610,A,-14
2016101612,H,3
2016101700,H,25
2016102000,H,16
2016102300,A,-7
2016102304,H,6
2016102308,A,-8
2016102307,H,11
2016102301,H,14
2016102302,H,3
2016102303,A,-17
2016102305,H,3
2016102306,H,8
2016102310,A,-17
2016102309,A,-3
2016102311,A,-11
2016102312,A,0
2016102400,H,18
2016102700,H,14
2016103000,A,0
2016103005,A,-16
2016103009,H,10
2016103007,A,-6
2016103006,H,5
2016103004,H,7
2016103002,A,-16
2016103003,A,-3
2016103008,H,8
2016103001,H,1
2016103010,H,6
2016103100,H,10
2016110300,A,-15
2016110605,A,-6
2016110606,H,5
2016110604,H,4
2016110603,H,5
2016110602,A,-25
2016110601,H,7
2016110608,A,-18
2016110607,A,-3
2016110609,A,-5
2016110610,H,8
2016110600,H,10
2016110700,H,6
2016111000,H,21
2016111302,A,-3
2016111303,A,-2
2016111304,A,-3
2016111305,H,9
2016111301,A,-3
2016111306,H,26
2016111308,H,6
2016111307,H,22
2016111309,A,-7
2016111310,H,3
2016111311,A,-5
2016111312,A,-7
2016111400,H,1
2016111700,H,3
2016112001,A,-15
2016112002,H,10
2016112003,H,7
2016112004,H,7
2016112000,A,-4
2016112005,A,-2
2016112007,H,6
2016112006,H,6
2016112008,A,-4
2016112009,A,-13
2016112010,H,11
2016112011,H,18
2016112100,H,7
2016112400,H,3
2016112401,H,5
2016112402,A,-21
2016112703,A,-6
2016112702,H,7
2016112701,H,5
2016112700,H,19
2016112704,A,-14
2016112707,H,28
2016112706,H,7
2016112705,A,-8
2016112708,H,9
2016112711,A,-5
2016112710,H,3
2016112709,A,-3
2016112800,A,-14
2016120100,A,-2
2016120400,A,-1
2016120407,A,-15
2016120406,H,16
2016120405,A,-10
2016120404,H,8
2016120403,H,18
2016120401,H,32
2016120402,H,20
2016120408,H,14
2016120410,H,10
2016120409,H,8
2016120411,A,-7
2016120412,H,33
2016120500,A,-31
2016120800,H,8
2016121100,A,-7
2016121109,H,3
2016121107,A,-5
2016121106,H,3
2016121105,A,-9
2016121104,A,-5
2016121101,H,12
2016121102,A,-13
2016121103,H,3
2016121110,A,-6
2016121108,H,5
2016121112,A,-28
2016121111,H,28
2016121113,H,3
2016121200,H,7
2016121500,H,21
2016121700,A,-21
2016121802,A,-3
2016121801,H,20
2016121800,H,1
2016121805,A,-2
2016121812,A,-4
2016121807,H,11
2016121806,A,-28
2016121804,H,1
2016121808,A,-7
2016121809,H,28
2016121811,A,-3
2016121810,A,-13
2016121803,H,6
2016121900,A,-11
2016122200,H,5
2016122400,A,-3
2016122406,H,38
2016122405,H,21
2016122404,H,13
2016122403,H,3
2016122402,A,-20
2016122401,A,-17
2016122408,H,8
2016122407,H,7
2016122410,A,-3
2016122409,A,-1
2016122411,H,2
2016122500,H,4
2016122501,H,23
2016122600,H,21
2017010101,H,17
2017010110,H,7
2017010109,H,1
2017010108,H,3
2017010107,H,14
2017010106,H,20
2017010105,H,28
2017010103,H,4
2017010104,A,-21
2017010114,A,-10
2017010113,A,-38
2017010112,H,18
2017010111,A,-9
2017010115,A,-2
2017010100,H,6
2017010102,A,-7
2017090700,A,-15
2017091000,H,9
2017091008,A,-13
2017091007,A,-10
2017091005,A,-22
2017091004,H,12
2017091003,A,-3
2017091001,A,-6
2017091002,A,-20
2017091009,H,37
2017091011,A,-20
2017091010,H,8
2017091012,H,16
2017091100,H,10
2017091101,H,3
2017091400,A,-4
2017091700,H,14
2017091707,H,22
2017091706,H,17
2017091705,A,-16
2017091704,H,7
2017091703,A,-21
2017091702,A,-3
2017091701,H,6
2017091709,H,25
2017091708,A,-2
2017091712,H,3
2017091711,A,-7
2017091710,H,25
2017091713,H,11
2017091800,A,-14
2017092100,A,-2
2017092400,H,37
2017092405,H,3
2017092409,H,3
2017092408,H,14
2017092401,H,10
2017092402,A,-21
2017092403,H,6
2017092404,A,-4
2017092406,H,17
2017092407,H,3
2017092410,H,6
2017092411,H,3
2017092412,A,-14
2017092413,H,17
2017092500,A,-11
2017092800,H,21
2017100100,A,-20
2017100105,H,43
2017100108,H,3
2017100107,A,-3
2017100106,A,-7
2017100101,A,-6
2017100102,A,-17
2017100103,A,-24
2017100104,A,-5
2017100110,A,-2
2017100111,H,2
2017100109,H,3
2017100112,H,6
2017100113,H,28
2017100200,H,9
2017100500,A,-5
2017100801,A,-3
2017100802,A,-3
2017100803,H,3
2017100804,H,6
2017100800,H,4
2017100805,A,-5
2017100807,A,-21
2017100806,H,27
2017100808,A,-6
2017100809,A,-13
2017100810,A,-4
2017100811,A,-8
2017100900,A,-3
2017101200,A,-5
2017101501,A,-3
2017101502,H,16
2017101503,H,13
2017101504,H,14
2017101500,A,-3
2017101505,A,-7
2017101506,H,2
2017101507,H,5
2017101508,A,-10
2017101509,A,-6
2017101510,A,-1
2017101511,A,-13
2017101600,H,14
2017101900,H,1
2017102200,H,3
2017102207,H,8
2017102206,H,3
2017102205,H,33
2017102204,A,-27
2017102203,A,-9
2017102201,H,14
2017102202,A,-3
2017102209,A,-30
2017102210,H,21
2017102208,H,15
2017102211,A,-17
2017102212,H,16
2017102300,H,10
2017102600,H,40
2017102900,A,-17
2017102905,A,-5
2017102907,A,-14
2017102906,H,23
2017102904,H,8
2017102903,H,8
2017102901,H,20
2017102902,H,1
2017102908,H,3
2017102909,A,-14
2017102910,A,-5
2017103000,H,10
2017110200,H,13
2017110501,A,-6
2017110502,H,16
2017110503,H,20
2017110504,A,-34
2017110500,H,3
2017110505,H,28
2017110506,H,3
2017110507,A,-10
2017110508,A,-3
2017110509,H,11
2017110510,A,-3
2017110600,A,-13
2017110900,A,-6
2017111201,A,-7
2017111202,H,14
2017111203,A,-3
2017111204,H,3
2017111200,A,-37
2017111205,H,5
2017111207,A,-8
2017111206,H,4
2017111208,H,26
2017111209,H,20
2017111210,H,10
2017111211,A,-25
2017111300,H,24
2017111600,H,23
2017111900,A,-3
2017111901,A,-12
2017111902,A,-23
2017111903,H,10
2017111911,A,-10
2017111904,H,17
2017111906,H,3
2017111905,H,3
2017111907,H,30
2017111908,A,-3
2017111909,A,-25
2017111910,A,-28
2017112000,A,-3
2017112300,A,-7
2017112301,A,-22
2017112302,H,10
2017112603,A,-6
2017112602,A,-4
2017112601,H,14
2017112600,H,14
2017112604,H,18
2017112606,H,28
2017112605,A,-8
2017112608,A,-11
2017112607,H,6
2017112609,H,3
2017112610,H,7
2017112611,H,3
2017112700,H,7
2017113000,H,24
2017120300,A,-5
2017120309,H,11
2017120308,H,7
2017120306,H,26
2017120305,H,20
2017120304,H,6
2017120301,H,24
2017120302,A,-20
2017120303,A,-1
2017120310,H,9
2017120312,H,7
2017120307,H,10
2017120311,A,-16
2017120313,H,14
2017120400,A,-3
2017120700,H,3
2017121000,H,6
2017121012,A,-20
2017121007,A,-3
2017121006,H,11
2017121004,A,-10
2017121003,A,-6
2017121002,A,-26
2017121001,H,7
2017121010,H,17
2017121009,H,23
2017121008,H,5
2017121011,A,-8
2017121005,H,6
2017121013,H,1
2017121100,H,7
2017121400,A,-12
2017121600,H,10
2017121601,H,17
2017121703,H,38
2017121702,A,-17
2017121701,H,7
2017121700,H,8
2017121704,H,27
2017121707,H,5
2017121706,A,-5
2017121705,H,12
2017121708,A,-35
2017121710,H,2
2017121709,A,-3
2017121711,A,-3
2017121800,A,-3
2017122300,H,7
2017122301,A,-16
2017122402,H,9
2017122403,H,16
2017122404,H,21
2017122401,H,17
2017122400,H,3
2017122405,H,10
2017122408,H,16
2017122407,A,-4
2017122406,A,-7
2017122409,H,11
2017122411,A,-9
2017122410,H,23
2017122500,A,-28
2017122501,H,9
2017123107,H,8
2017123106,H,20
2017123105,H,13
2017123102,H,24
2017123103,H,9
2017123109,H,4
2017123108,A,-6
2017123114,A,-21
2017123113,H,20
2017123112,A,-3
2017123111,H,5
2017123110,H,7
2017123104,A,-6
2017123115,A,-2
2017123100,H,12
2017123101,A,-4
2018090600,H,6
2018090900,H,44
2018090907,A,-5
2018090906,A,-8
2018090905,H,7
2018090904,H,8
2018090903,H,7
2018090902,A,-11
2018090901,A,0
2018090908,A,-10
2018090911,H,3
2018090910,H,8
2018090909,A,-18
2018090912,H,1
2018091000,A,-31
2018091001,A,-20
2018091300,H,11
2018091600,H,7
2018091608,A,-12
2018091607,H,3
2018091606,H,6
2018091605,A,-5
2018091604,A,-8
2018091601,A,-11
2018091602,A,0
2018091603,H,3
2018091610,H,3
2018091609,H,34
2018091612,H,11
2018091611,H,1
2018091613,H,7
2018091700,H,7
2018092000,H,4
2018092300,A,-6
2018092309,H,14
2018092308,H,4
2018092307,A,-21
2018092306,H,8
2018092301,H,13
2018092302,H,10
2018092303,A,-5
2018092304,A,-3
2018092305,H,11
2018092310,H,12
2018092312,H,11
2018092311,A,-2
2018092313,H,16
2018092400,A,-3
2018092700,H,7
2018093005,H,19
2018093006,H,31
2018093007,H,3
2018093004,A,-3
2018093003,H,22
2018093002,H,2
2018093001,H,38
2018093000,A,-1
2018093008,A,-3
2018093009,H,3
2018093011,A,-15
2018093010,H,2
2018093012,A,-12
2018100100,A,-4
2018100400,H,14
2018100700,H,1
2018100707,H,24
2018100706,H,18
2018100705,H,16
2018100704,H,8
2018100703,H,3
2018100701,H,2
2018100702,H,10
2018100708,H,16
2018100710,A,-10
2018100709,A,-2
2018100711,A,-2
2018100712,H,3
2018100800,H,24
2018101100,A,-21
2018101400,H,5
2018101408,H,6
2018101407,A,-24
2018101406,H,8
2018101405,H,10
2018101401,A,-7
2018101402,A,-24
2018101403,H,7
2018101404,H,3
2018101409,A,-3
2018101411,A,-21
2018101410,H,33
2018101412,H,3
2018101500,H,3
2018101800,A,-35
2018102100,H,1
2018102104,A,-13
2018102108,A,-4
2018102107,A,-20
2018102102,A,-7
2018102103,H,32
2018102109,H,3
2018102106,A,-11
2018102101,A,-1
2018102110,H,3
2018102111,A,-29
2018102105,H,35
2018102200,H,3
2018102500,H,19
2018102800,A,-6
2018102805,H,7
2018102807,H,15
2018102806,A,-7
2018102804,A,-14
2018102803,H,3
2018102802,H,14
2018102801,H,15
2018102808,A,-14
2018102809,H,3
2018102810,H,2
2018102811,A,-10
2018102900,A,-19
2018110100,H,31
2018110401,A,-32
2018110402,H,14
2018110403,A,-16
2018110404,H,7
2018110400,A,-7
2018110405,H,15
2018110406,A,-24
2018110407,A,-2
2018110408,A,-8
2018110409,H,10
2018110410,H,14
2018110500,A,-14
2018110800,H,31
2018111101,A,-37
2018111102,H,12
2018111100,H,12
2018111105,H,12
2018111108,H,24
2018111107,A,-13
2018111106,A,-31
2018111104,H,3
2018111109,A,-14
2018111110,H,5
2018111103,H,19
2018111111,A,-7
2018111200,A,-4
2018111500,H,3
2018111801,H,3
2018111800,A,-3
2018111805,H,3
2018111810,A,-4
2018111806,A,-2
2018111804,H,28
2018111803,H,1
2018111808,A,-1
2018111807,A,-2
2018111809,H,41
2018111802,H,5
2018111900,H,3
2018112200,A,-7
2018112201,H,8
2018112202,H,14
2018112503,A,-15
2018112507,H,18
2018112501,H,3
2018112500,H,17
2018112502,A,-3
2018112505,A,-14
2018112506,H,3
2018112508,H,35
2018112504,H,3
2018112509,H,7
2018112510,H,7
2018112600,H,17
2018112900,H,3
2018120200,A,-10
2018120209,H,7
2018120207,H,3
2018120206,H,4
2018120205,H,6
2018120204,H,16
2018120201,A,-14
2018120202,A,-14
2018120203,A,-3
2018120210,A,-7
2018120211,H,4
2018120213,H,27
2018120212,H,14
2018120208,A,-3
2018120300,H,15
2018120600,H,21
2018120900,A,-4
2018120908,A,-24
2018120907,A,-14
2018120906,H,1
2018120905,H,3
2018120904,A,-3
2018120903,H,14
2018120902,H,6
2018120910,H,6
2018120909,H,5
2018120911,A,-14
2018120913,H,3
2018120912,H,6
2018120901,H,9
2018121000,H,14
2018121300,A,-1
2018121500,A,-7
2018121501,A,-1
2018121603,H,7
2018121602,H,1
2018121601,H,8
2018121600,H,26
2018121604,H,14
2018121608,A,-17
2018121607,H,24
2018121606,A,-3
2018121605,H,23
2018121609,H,3
2018121610,H,7
2018121611,A,-7
2018121700,A,-3
2018122200,H,9
2018122201,A,-12
2018122305,H,8
2018122306,H,7
2018122307,A,-18
2018122308,H,12
2018122309,A,-6
2018122310,H,2
2018122304,A,-14
2018122300,H,1
2018122302,A,-10
2018122311,A,-22
2018122312,A,-5
2018122313,H,3
2018122314,H,7
2018122400,H,13
2018123001,H,25
2018123010,A,-2
2018123008,A,-1
2018123007,A,-19
2018123006,H,35
2018123003,H,17
2018123002,A,-31
2018123012,A,-24
2018123013,A,-14
2018123004,H,32
2018123005,A,-14
2018123000,H,2
2018123014,H,16
2018123009,H,3
2018123015,H,3
2018123011,A,-16
2019090500,A,-7
2019090800,A,-3
2019090806,H,5
2019090805,A,-1
2019090804,H,16
2019090803,A,-49
2019090802,A,-14
2019090801,A,-30
2019090807,H,6
2019090808,H,1
2019090811,A,-14
2019090810,H,18
2019090809,A,0
2019090812,H,30
2019090900,H,2
2019090901,H,8
2019091200,A,-6
2019091500,H,6
2019091509,A,-10
2019091508,A,-2
2019091507,A,-2
2019091506,A,-14
2019091501,A,-24
2019091502,H,3
2019091503,H,5
2019091504,H,1
2019091505,A,-43
2019091510,A,-18
2019091512,H,18
2019091511,A,-2
2019091513,H,4
2019091600,A,-20
2019091900,H,13
2019092200,H,4
2019092207,A,-3
2019092206,H,16
2019092205,H,20
2019092204,H,5
2019092203,H,3
2019092202,H,11
2019092201,H,25
2019092209,A,-1
2019092208,A,-18
2019092212,H,4
2019092211,A,-6
2019092210,A,-7
2019092213,A,-7
2019092300,A,-16
2019092600,A,-7
2019092900,A,-14
2019092907,H,21
2019092906,A,-20
2019092905,A,-7
2019092904,A,-6
2019092903,A,-4
2019092901,A,-15
2019092902,A,-6
2019092909,A,-15
2019092908,A,-17
2019092910,H,10
2019092911,A,-2
2019092912,H,2
2019093000,H,24
2019100300,H,1
2019100600,H,7
2019100609,A,-26
2019100608,A,-7
2019100607,A,-3
2019100601,A,-3
2019100602,H,21
2019100603,H,7
2019100604,A,-18
2019100605,H,3
2019100606,H,25
2019100610,A,-7
2019100611,A,-10
2019100612,A,-6
2019100700,H,28
2019101000,H,21
2019101300,A,-11
2019101305,A,-1
2019101306,H,18
2019101304,A,-7
2019101303,A,-7
2019101302,A,-4
2019101301,H,6
2019101308,A,-13
2019101307,H,1
2019101310,H,2
2019101309,H,16
2019101311,A,-7
2019101400,H,1
2019101700,A,-24
2019102001,H,10
2019102002,A,-10
2019102003,A,-12
2019102004,H,18
2019102000,A,-27
2019102005,H,7
2019102007,A,-9
2019102006,A,-6
2019102008,H,3
2019102009,A,-11
2019102010,A,-14
2019102011,H,27
2019102100,A,-33
2019102400,H,10
2019102700,A,-7
2019102710,H,2
2019102708,H,4
2019102707,H,22
2019102706,H,14
2019102701,A,-18
2019102702,A,-1
2019102703,H,5
2019102705,H,14
2019102709,H,38
2019102704,H,3
2019102711,H,14
2019102712,A,-7
2019102800,H,13
2019103100,A,-3
2019110300,A,-23
2019110305,H,8
2019110306,H,2
2019110304,H,8
2019110303,H,3
2019110302,H,10
2019110301,H,15
2019110308,H,6
2019110307,H,7
2019110310,H,15
2019110309,H,5
2019110311,H,17
2019110400,A,-19
